ticker,richting,stop,doel,doeltype,risico_pct,winst_pct,rr,risico_atr,koers,sma20,sma50,sma200,atr,atr_pct,roc20_pct,rs20_pct,sma20_helling,sma50_helling,sma200_helling,volume_ratio,afstand_sma20_atr,dagomzet_mln,naam,sector,score_momentum,score_potentieel,score_risico,score,earnings
SNDK,LONG,1635.71,1946.83,top 60 dagen,4.9,13.19,2.69,0.9,1719.99,1713.45,1539.67,1145.85,93.26,5.42,10.61,10.82,0.53,0.38,1.6,0.56,0.07,16232.8,Sandisk,Information Technology,69.5,90.5,61.9,74.6,2026-10-29
QCOM,LONG,176.92,205.85,top 60 dagen,4.3,11.35,2.64,0.86,184.87,185.29,170.94,167.84,9.24,5.0,9.67,9.88,0.47,0.34,0.19,0.88,-0.05,2784.8,Qualcomm,Information Technology,58.6,80.0,73.3,70.5,2026-11-04
ETN,LONG,419.77,478.0,top 60 dagen,3.75,9.61,2.56,1.26,436.11,423.24,421.73,387.58,12.93,2.96,9.82,10.03,0.71,0.48,0.67,0.93,1.0,891.1,Eaton Corporation,Industrials,71.9,71.4,49.0,64.9,2026-11-03
TGT,LONG,153.07,170.75,top 60 dagen,1.88,9.46,5.04,0.83,156.0,157.64,155.39,127.32,3.55,2.27,-4.88,-4.67,-0.44,1.18,1.95,1.03,-0.46,549.1,Target Corporation,Consumer Staples,40.5,79.0,74.5,64.2,2026-11-18
SWKS,LONG,80.88,92.8,top 60 dagen,4.88,9.14,1.87,0.87,85.03,85.49,74.23,65.34,4.78,5.62,18.92,19.13,0.9,1.17,0.44,0.81,-0.1,641.8,Skyworks Solutions,Information Technology,82.5,43.8,61.4,62.6,2026-11-03
MU,LONG,1012.34,1201.64,uitbraak (+3 ATR),5.82,11.79,2.03,1.48,1074.89,1025.0,956.05,681.5,42.25,3.93,12.18,12.39,0.73,0.68,1.87,0.93,1.18,27127.7,Micron Technology,Information Technology,84.3,66.7,32.4,62.6,2026-12-23
WAT,LONG,415.13,448.21,top 60 dagen,2.37,5.41,2.28,0.88,425.21,421.73,410.18,363.55,11.47,2.7,2.82,3.03,0.5,1.02,0.26,0.98,0.3,299.4,Waters Corporation,Health Care,61.2,55.2,72.4,62.5,2026-11-03
PFE,LONG,27.32,29.21,top 60 dagen,1.72,5.07,2.95,1.01,27.8,28.01,27.33,25.8,0.47,1.69,-3.51,-3.3,-0.1,1.68,0.8,0.87,-0.45,906.5,Pfizer,Health Care,40.7,62.9,70.0,57.3,2026-11-03
CNP,SHORT,38.44,36.37,bodem 60 dagen,1.73,3.76,2.18,1.14,37.79,38.08,39.59,41.01,0.57,1.51,-5.48,-5.27,-1.09,-2.09,-0.02,1.07,-0.5,256.0,CenterPoint Energy,Utilities,53.3,60.0,83.3,64.6,2026-10-27
ODFL,SHORT,184.1,169.65,bodem 60 dagen,2.0,6.0,2.99,0.76,180.48,178.29,196.4,199.32,4.75,2.63,-2.84,-2.63,-0.75,-2.3,0.76,1.16,0.46,330.9,Old Dominion,Industrials,36.3,83.3,72.5,63.6,2026-10-28
SYK,SHORT,280.94,266.16,bodem 60 dagen,2.0,3.37,1.68,0.88,275.43,276.58,310.28,328.19,6.26,2.27,-10.29,-10.08,-1.68,-1.45,-1.31,0.95,-0.18,877.8,Stryker Corporation,Health Care,85.8,20.8,84.2,62.6,2026-10-29
VMC,SHORT,254.35,223.26,uitbraak (-3 ATR),4.65,8.15,1.75,1.71,243.06,247.46,265.03,283.16,6.6,2.72,-6.6,-6.39,-0.81,-1.24,-0.64,1.33,-0.67,315.4,Vulcan Materials Company,Materials,72.5,63.3,33.8,57.7,2026-10-29
XEL,SHORT,72.91,68.72,bodem 60 dagen,2.11,3.75,1.78,1.19,71.4,72.39,75.36,76.94,1.27,1.77,-5.72,-5.51,-0.96,-1.33,-0.29,1.0,-0.78,434.0,Xcel Energy,Utilities,55.4,51.7,62.5,56.2,2026-10-29
DD,SHORT,132.79,122.8,bodem 60 dagen,2.16,5.52,2.55,1.23,129.98,129.35,135.16,136.69,2.29,1.76,-0.88,-0.67,-0.37,-0.41,0.54,0.62,0.27,142.5,DuPont,Industrials,16.7,75.0,77.5,55.3,2026-11-05
TDG,SHORT,1134.09,1013.42,uitbraak (-3 ATR),4.01,7.06,1.76,1.7,1090.38,1108.33,1179.17,1247.45,25.65,2.35,-5.83,-5.62,-0.67,-0.94,-0.89,0.91,-0.7,443.3,TransDigm Group,Industrials,53.3,67.5,42.5,55.0,2026-11-05
APTV,SHORT,45.7,39.74,uitbraak (-3 ATR),4.95,8.74,1.76,1.7,43.54,44.39,47.67,63.32,1.27,2.91,-6.43,-6.22,-0.37,-2.27,-2.53,0.64,-0.67,173.2,Aptiv,Consumer Discretionary,50.4,77.5,33.8,54.9,2026-10-29
